{
  "project_info": {
    "project_number": "185349395953",
    "firebase_url": "https://login-register-quick-default-rtdb.firebaseio.com",
    "project_id": "login-register-quick",
    "storage_bucket": "login-register-quick.appspot.com"
  },
  "client": [
    {
      "client_info": {
        "mobilesdk_app_id": "1:185349395953:android:79dc2ec202190aa04da050",
        "android_client_info": {
          "package_name": "com.example.payment_reminder_app"
        }
      },
      "oauth_client": [
        {
          "client_id": "185349395953-hc66m47m9k47ti0em8cjihg5gv9jus1v.apps.googleusercontent.com",
          "client_type": 1,
          "android_info": {
            "package_name": "com.example.payment_reminder_app",
            "certificate_hash": "7d9c4c5eaccec321467f1b720d51fe4dcdb00522"
          }
        },
        {
          "client_id": "185349395953-fb012rli4rmi4gfj5kpflkfsgdse1h8c.apps.googleusercontent.com",
          "client_type": 3
        }
      ],
      "api_key": [
        {
          "current_key": "AIzaSyC-yjkG5KqfMyjqRdoKh78J1uHWGmc1n-Q"
        }
      ],
      "services": {
        "appinvite_service": {
          "other_platform_oauth_client": [
            {
              "client_id": "185349395953-fb012rli4rmi4gfj5kpflkfsgdse1h8c.apps.googleusercontent.com",
              "client_type": 3
            }
          ]
        }
      }
    }
  ],
  "configuration_version": "1"
}